id,text,platform,source_target,subjectivity,polarity
64311186711dc7ad,"You saw the mirror paper saying Huge electric vehicle change could see limited range boosted to 3,000 miles",youtube,General,opinionated,neutral
6cc4651b4c40a441,"2/vehicles (except during regime demonstrations) and underfed citizens will trudge from place to place as the bigwigs and grandees of the Peoples Republic sail by in their electric vehicles. Now is the time for ""resistance"" by the American normals and patriots targeted for",twitter,General,opinionated,neutral
05a1827f45ed90ad,"I am not sure what was the rational to launch 9e instead of 7e in first place, when public at large will appreciate 7e when compared to 9e (or may be its my wishful thinking). Any thoughts if coupe version has too big an advantage in terms of range over SUV design, due to aerodynamics.",Team-BHP,Mahindra XUV700 EV to be called XEV 9S; Details leaked - Page 3,opinionated,neutral
f489d6927dd00e03,I will never ever ever ever understand this whole walking through the bushes thing on every single video.😮😅😢. It absolutely drives my eyeballs crazy and every time I start a video it is the same thing help me help me help me Lord understand why he does this 😢😢😂... Anyways on with the show! 👍🏾,youtube,General,opinionated,neutral
04c40555401e0f61,"Quote: Originally Posted by techspark The salesperson told me they have 8 year warranty on battery, I want to know after 8 years if the battery goes off, how much do you think it will cost? Will I get good resale value after 8 years? Teslas in the USA are the only real-world examples of electric vehicle resale value. Recent data showed that they retain up to 50% of their value after 8 years. Therefore, even if we choose a more conservative estimate of 30%, it is still better than internal combustion engine cars. Additionally, the value of internal combustion engine cars drops significantly with age because so many of their components are in need of replacement. However, there are very few parts that need to be replaced with EVs. If the battery holds up well, it will undoubtedly command a higher price.",Team-BHP,BYD Atto 3 Review - Page 2,opinionated,neutral
81bb919bb22cfb93,"Spy photos of pre-production Volkswagen ID. Polo GTI during winter testing in Sweden, > The camouflage of this electric sport utility vehicle is minimal, showing the aggressiveness of its 211 hp. > The honeycomb grille on the apron is an indicator that this is a real GTi > The German firm has already shown the interior of the new ID. Polo, with a large 13-inch touchscreen and an instrument cluster with different display modes, including an analogue one. > Volkswagen is finishing adjusting in the snow, which will not need all-wheel drive, but an electronic differential to safely channel the 220 hp offered by its electric motor located on the front axle. > The new ID. Polo GTI, which will be presented in mid-May, will arrive at dealerships after the summer, associated with a lithium-ion battery with 55 kWh net and usable, a capacity that will ensure a maximum range of approximately 430 kilometers. > A top-of-the-range equipped with fast charging, up to 130 kW and with which it needs 23 minutes to recover from 10% to 80%. > The bad thing will be its price, it is unknown at the moment, but the 35,000 euros will not be taken away by anyone, without discounts. Source:",Team-BHP,Rumour: Volkswagen Polo could be replaced by a small electric car - Page 2,opinionated,neutral
3c8148d110b2a78e,"> The ride in an electric vehicle is just so easy and comfortable, they love it. For this old fart, our Equinox electric vehicle reminds me of driving the land yahts from the '70s. But only in the pulling away from a stop, or passing maneuvers. The easy, torque-powered glide to speed from a stop, with seamless shifting has gone by the wayside with smaller turbo engines and tons of gears to manage the narrow power band. EVs provide that smooth and effortless comfort that was sold and almost provided back in the '70s, but with 100mpge instead of 10mpg.",Reddit,https://www.reddit.com/r/electricvehicles/,opinionated,positive
992327a4fb188338,"I'm sorry, Brother Chao, I still took action [crying]",bilibili,General,opinionated,neutral
e65505a740142617,"Not sure if these reviews are using Adaptive Cruise control. Even normal cruise control will significantly reduce mileage (even in internal combustion engine cars). This is because they try to maintain a particular speed. Firstly, they try to reach the speed as early as possible (heavy acceleration). Secondly, they use breaks to avoid exceeding the speed in slopes. For these reasons, forget ADAS, I do not even use cruise control . Looking forward for a review which uses plain simple car for range!",Team-BHP,2025 Tata Harrier.ev Review - Page 4,opinionated,neutral
fa065fbae0b5ff91,It is just like electric cars are . Add Covid to the mix and you se3 how the democrats run things.,twitter,General,opinionated,neutral
07c37cd29a512f89,"The drop in (NOT elimination of) tariffs on Chinese vehicles wasn't done due to U.S. tariffs. It was done because our former PM Trudeau implemented the 100% tariffs in 2024 at the behest of Biden, and China responded with tariffs and import restrictions on Canadian agricultural products, including canola which is a very important crop for our Prairie farmers. Then, Trump announced that he wanted to re-home auto production from Canada to the U.S., and even though the demand for EVs is strong in Canada, American auto manufacturers have been cutting back on offerings. Canadians also like small cars more than Americans do, and there are few of these on the market. Why should we be limited by what Americans want to produce for American customers? So, after the election up here, when Carney was elected Prime Minister, his government dropped the tariff rate on Chinese vehicles from 100% to 6.1% and is allowing 49,000 to enter the country this year with increasing numbers over the next few years. In response, China has dropped many of its own tariffs on Canadian agricultural products. There are also incentives for the Chinese to build factories here in Canada. Having said that, most of the Chinese-made EVs coming to Canada this year will likely be Teslas and Polestars, which was the case prior to Trudeau implementing the 100% tariff.",Reddit,https://www.reddit.com/r/electricvehicles/,opinionated,neutral
f20516b3216ad065,"I'm a foreigner living in Chongqing, China for over a decade, a mega city of 22+ million people. Here, 50%, if not more, of the cars are now electric vehicle, 90% of the buses and taxis are now also electric vehicle, aside from all the Chinese brands (XPENG, LI, XIAOMI, NIO, ZEEKR, BYD, GEELY, LEAPMOTOR, AITO, AVATR, CHANGAN, ...) there are an immense amount of Teslas as well. The Model 3 and Y are around the same price as the Chinese electric vehicle's to keep up with the competition. Some drive an electric Mercedes or BMW but you do not see them often. I drive a Model Y myself here. I believe that one of the main reasons that electric vehicle's are so successful here is because they built a whole network of charging stations that works with every province's state grid, each highway gas station has at least 12+ super charging stations (and growing), each parking lot, outside or under a shopping mall will have charging stations, and then even in the middle of nowhere in small countryside villages in the mountains, you will find charging stations. On top of that electricity here is very cheap, I spent around 15 dollar a month (!!!) instead of 300+ dollar a month compared to my previous gas driven GLK before buying a Tesla. My family and I drive a lot and do a lot of road trips and when people ask here in China I can only recommend buying an electric vehicle. I hope that back at home in Europe governments will start building a network of charging stations with cheaper electricity to make electric vehicle's more viable.",youtube,General,opinionated,neutral
b39c75775ea180c0,"I dont have a driveway (most people dont in my city), so i charge on the street. When the car finishes charging it automatically unlocks the charging plug/cable. And anybody can just take it if they wish. The other end is never locked cause its just a 230v wall socket ij my front yard. See picture for example (not my car/street)",Reddit,https://www.reddit.com/r/electricvehicles/,opinionated,negative
be51d8ef896e3fa5,That is about what I got in my old internal combustion engine cars. I haven't put many miles on our electric vehicle yet. I didn't write the article. I think how long they last depends on the driver....,Reddit,https://www.reddit.com/r/electricvehicles/,opinionated,neutral
8fbbdde9c05adee0,"Electric cars are good for everything except batteries, and gas cars are good for everything except gas [doge]",bilibili,General,opinionated,neutral
dc7783177ba18a84,I love my car but it is very hard to reach support and the person i spoke to was rude to me.,Trustpilot,tesla.com,opinionated,positive
f8e5a411d40af3f0,"Quote: Originally Posted by quattroa4 What a detailed review ! Nice ! But I do not see a point in putting 50 L rupees for a range of 400+ kms as same is achieved by cars half the price . It should have offered at least 750+ kms range to justify it is price of 50 Lakhs . In the same way one should never buy a 50 lac luxury car when an XUV700 at half the price does everything. Both are different products, with different attributes and range isn't everything.",Team-BHP,2025 BMW iX1 LWB (U12) Review - Page 2,opinionated,neutral
fe430fde27956c60,Oil prices are going to skyrocket soon,bilibili,General,neutral,
29b82bb2c97e7413,"185- 423 miles per tank on my Subaru Outback 2002, 300k That's a luxury car. Old beater forever car. My other car Alfa Romeo Giulia 2023 that's Italian. ❤",youtube,General,opinionated,negative
427c478d5f07daf4,"Quote: Originally Posted by sunny1974 I do not think they have LFP batteries in the Indian version. as per my discussion with mg technical person its mmc battery here. The previous version for sure had mmc. Even I was thinking that as per the UK version this should have LFP here due to extreme weather and lower cost and the fact that 100% charging needed. Based on UK forums, it looks like only LFP battery based cars do not have option to cap charging at 80%. Based on people buying the ZS electric vehicle in India, even they do not have this battery charge capping feature. I am willing to wager that we have also received the LFP variant.",Team-BHP,2022 MG ZS EV Facelift Review - Page 3,opinionated,neutral
4b421344abd63587,I have an electric car...sorry,twitter,General,opinionated,neutral
774700663b5bea6e,"Coming from a Chevy Bolt EUV, sitting in the EX30 was terrible. Cramped, hard plastic, not pleasant at all. Not like the EUV is luxury, but I couldn't do it.",Reddit,https://www.reddit.com/r/electricvehicles/,opinionated,neutral
e7ff4ae2b122834b,"The reserved Polestar 4 that never was...I had been looking at P4's for some months and arranged a test drive through Sheffield Branch.4 days prior to that I saw on car I was interested in on Polestar website, it was a high spec car delivery Jan-26 that worked well for me. I started to the process of reserving the car through their portal and had 5 days in which to pay £500 deposit.The test drive went, the sales guy from Polestar was great and answered all my questions, I had some comparison figures for Polestar Leasing and another Leasing company that I ran past Polestar trying to get a better price. There was no flexibility on Polestar side which was fine.Finally decided to go ahead and pay my deposit before my reservation time expired. Only to find the car that was supposedly allocated to me was now not available and had been ""sold to another customer"".Im trying to understand how and why that happened and have contacted Polestar for a response.Looking at some of the comments on customer service here, just wondering if I have just dodged a bullet?.I wasn't sure how few stars to rate my experience with Polestar, as I have not yet been an actual customer..Although wanting to be.Lets see what customer service come back with, I will update this chat.",Trustpilot,polestar.com,opinionated,positive
5969fe6dfb041f99,"electric vehicle might be the future but i m always a bit skeptical about them. The spontaneous combustion will be addressed with the introduction of magensium solid state batteries and regarding the charging time and range, it will see a major breakthrough with graphene batteries as they charge 5 times faster and have twice as much capacity of a standard Li-ion battery. With Samsung hinting at the launch of a Graphene powered phone, it won't take much time for the tech to trickle down to EVs. What concerns me majorly is the lack of mechanical and analog controls. Everything will be motor driven and controlled via a chip.Autonomous tech can be hacked sooner or later, having absolute no manual control makes it very risky as we had seen in the incident that happened 2 years ago in the UK when an octavia's crusie control had a mind of its own and ended up ramming into a stationary truck.Here is the link below for those who haven't heard of it.",Team-BHP,Electric Cars...through the eyes of a diehard petrol-head - Page 4,opinionated,neutral
0de01eabb9001930,"Schreier, I agree that 25% loss of original price within 1 year and 12000 miles is a lot, but I have to correct you: The depreciation of cars is usually not linear, but degressive. If you loose 25 % of the original price within a year and 12000 miles you do not loose another 25% of the original price within the next year and 12000 miles. The exact function surely depends on the car, but in general I think you could estimate that when it looses 25% of the original price within in a year, then it will loose 25% of that used car price within another year and so on. So over the years the price for a car will usually go down near to the material price of the components it consists of (which will depend on how well you take car of the car and if you do maintainance repairs). Maybe it is a different store for EVs, maybe their price will go down way below the material price of the components over the years, but the value of a car will never reach exact zero. But I had to laugh when I saw that part where the one guy says that a new battery cell (of ten in total) for the Mustang electric vehicle costs 7000 USD and that it would be way less than a new engine on a combustion engine car. That guy is really delusional. In 2026, 7000 USD is almost the same price as a complete overhaul of engine and automatic transmission (with the work required to take them out and back in) of an 1998 Mercedes A-Class (W168). Actually, getting an engine and transmission overhaul on the 90s car is cheaper, because the 7000 USD of the battery pack does not include the price for removing it and putting the new part in.",youtube,General,opinionated,neutral
360249dec5ec4f1c,"Quote: Originally Posted by TusharK A recent trademark filing by Mahindra suggests that the electric version of the XUV700 could be called the XEV 7e. The 7E looks more car like and traditional rather than the highly unorthodox 6E and 9E where the designs are polarizing. If I have to consider, I would love to own the 7E. Now the question I would have is the drivetrain. In the attached Pic, if you look closely, you will see an engine each on front and rear axles. Can it be safely concluded that this will have AWD capabilities ? That would be really awesome specially given that it has Drive Modes like Snow. Also the pictures seem to be from the central console graphics and not really from an Actual car.",Team-BHP,Mahindra XUV700 EV to be called XEV 9S; Details leaked - Page 4,opinionated,neutral
4706b98eac61fc0d,"Quote: Originally Posted by anandpadhye However, I just have one technical question - if I am ~20km away from the nearest town/charging station, somewhere in the ghats of kokan or Uttarakhand and my Kona battery fully discharges (for whatever reason, say I ignored low charge warning or the charge went down non-linearly because battery is now 4 years old or something else), what are my options? If this happens with my current car, I will just wave at a truck, ask for a ride to next petrol pump, explain the situation and get some petrol in the bottle. But what can I do with a Kona or eZS that's fully discharged in the middle of nowhere? Even ""dakka start"" won't work, right? You can tow the car to the nearest charging station and if the electric vehicle has a permanent magnet motor (model 3, kona, mg ezs) you can *probably* charge your battery too while on tow. In one youtube video a model 3 towed for 1 mile charges the battery with more than 1 mile worth of juice. Of course this will be at the expense of towing vehicle fuel consumption and load up its engine. Loads of electric vehicle car videos available on the youtube by early electric vehicle adopters mostly tesla users and many of these questions we have are answered there. In another video tesla model S (induction motor so no regen when battery at 0) is purposely run down to 0 battery and it gets towed by another tesla to a supercharger. Same can be done by Like an internal combustion engine car there will be no power steering and possibly no brake servo either, but the electric vehicle would be heavier when compared to a similarly sized conventional vehicle and literally heavy to handle.",Team-BHP,Hyundai Kona : Official Review - Page 7,opinionated,neutral
a081a1ffcbcc24d1,They all have a mechanical override. Tesla’s do. Are you saying some don’t?,Reddit,https://www.reddit.com/r/electricvehicles/,opinionated,neutral
9750d905ed596cf9,"Even in F1, DEI and woke are to be introduced precisely to kill the sport. Sustainable gasoline and best electric car will win",twitter,General,opinionated,neutral
bdedeeee47884585,Not giving up the convenience to fill up my car in less than five minutes and be on my way. I'm not gonna be sitting around for 45 minutes or an hour or two waiting for the battery charge. My car warms up in about two minutes in zero degree weather too. Granted it is parked on my carport so no frost on my windshield.,youtube,General,opinionated,negative
7334fe7d24ea5bbf,"it might not be the vehicle, but there are 2 different kinds of adapters, one for fast charging and one for level 2 charging. they are not interchangeable.",Reddit,https://www.reddit.com/r/electricvehicles/,opinionated,neutral
b7ebd941aca2e2e2,"Love the review, it is really detailed and covers all the important points. A request for the future. 1.Information with night driving experience will be useful, covering the headlights and visibility. 2. Lastly and over simplified breakdown of the variants with tbhp variant recommendations would be a useful addition. 3. A standardized range test on a pre set stretch of road, showing efficiency and extrapolated range experienced for all future EVs will help crrate standardized benchmarking & comparison.",Team-BHP,Mahindra XEV 9S Review - Page 3,opinionated,positive
ba3b4a36426d2460,"I just want to say the light is green, slow down and speed up so that the people in the car can sit more comfortably, and pay attention to pedestrians [stay]",bilibili,General,opinionated,neutral
3b7069a7209a04ae,When it gets below -25 C there are plenty of dead electric vehicle's on the side of the road here.,youtube,General,opinionated,neutral
8e4bbbead283df2d,"Quote: Originally Posted by i74js That is with NMC battery (higher packing density compared to LFP). The NMC batteries can malfunction in Indian climate, MG will not take a hit on its reputation with introduction of NMC batteries in India. The SAIC group has products with 70KWH LFP batteries too. Engineering challenges aside, especially for the indian entity considering the cloud electric vehicle is limited to 50 KWH globally, MG India should look to leverage this class of vehicle and milk it for all it is worth. Our market is devoid of MPVs and the competition in this segment seems to be focused on form rather than function for their offerings.",Team-BHP,MG Windsor EV Review - Page 4,opinionated,neutral
6d031ad57880907d,"We have a Mach e GT and love it however I drive by a Lyriq yesterday and I think it’s the only other car I’d have considered. It looks pretty nice and we had a great experience with our last GM electric vehicle, a 2017 Bolt Premier. I’m sure the Lyriq is a step up in some areas that justify the price difference but the Mach e represents such an amazing value imo for a great car that it’s hard to beat for our needs.",Reddit,https://www.reddit.com/r/electricvehicles/,opinionated,positive
b5a2cf17a4995154,"Boy, I am currently working in Panjin, Liaoning Province, and my home is Jining, Shandong Province. I am considering buying a car with a price of less than 10w. A tram or a gas-powered car is acceptable. I prefer trams because in the dormitory arranged by the company, water and electricity are free. However, I don’t have to commute to work. When I go out, I am on the bus. My company is located in a remote location, so I frequently go out to pick up express delivery and materials. Also, I am young and love to play. I may buy a car and go out to play frequently. I go home about once every three months, a round trip of 2,000 kilometers. I also have certain driving needs at home. How should I consider buying a car? [laughing and crying]",bilibili,General,opinionated,neutral
dc406603f40238e5,"Correction. Electric cars do not just suck in the winter. They suck period! No matter how well you take care of them, the batteries will ultimately die leaving you with a very expensive paper weight. I laugh every time I see some poor soul driving one knowing they threw their money down the toilet. Let's not forget they also have some of the largest depreciation of any other vehicle in the market so you immediately lose like $30k the second you drive off the lot. A trusty gasoline engine works the same regardless of the temp, holds its value far better, and will have more than double the lifespan of these garbage EVs with proper maintenance.",youtube,General,opinionated,neutral
2c8ba9a612a87c1f,why are you using the BYD AWD? The RWD premium version has a higher range than the AWD Performance version.,youtube,General,opinionated,neutral
aa3c944d329a098f,Xiaomi is invincible [angry_golden hoop],bilibili,General,opinionated,neutral
a61f023c593235fe,Time to get an electric vehicle that they won’t be able to charge when they run out of electricity,twitter,General,opinionated,negative
c2dfd5053e798b85,Lucid air lost 46% in-10 to -30 celsius . That mean you have to charge more often . The cost is dubbel . Please do The math.,youtube,General,opinionated,negative
a4e7d2e6ef5fe2a9,"Man, cannot even speed through a school zone in the winter, smh",youtube,General,opinionated,neutral
fddc452cc19c0af9,"First buy a gas truck and drive it. The smart driving technology of gas trucks is pretty good now. Once it turns into a stick, you can buy a solid-state battery with mature technology. Solid-state batteries have to break through the laws of physics. The gimmicks they come up with now cannot leave the laboratory.",bilibili,General,opinionated,neutral
e1dd7212e4399d40,There shouldn't be a electric vehicle without small combustion engine that works as generator and can power car on move!,youtube,General,opinionated,positive
c494a54d1887b228,"I've never been hyped for EVs. I made fun of them as a kid, and now as an adult, I hear all the horror stories about them.",youtube,General,opinionated,neutral
2ea6557f56266779,"I give Josh the polestar assistant 5* as he was friendly and very efficient. But I give my polestar3 only 4*. It’s a great car to drive, but small niggling problems with the informant screen and app are always present. You just get everything working as it should then another problem occurs. Nothing to stop you driving the car but very annoying as a lot of the time it’s offline and you don’t know how much charge is in the car.",Trustpilot,polestar.com,opinionated,positive
12c639047a493ffd,Only if you specifically tell me why I am wrong . Well known the California grid is a mess . I also know from experience that every year that we are told to reduce power usage because they are afraid of blackouts .,Reddit,https://www.reddit.com/r/electricvehicles/,opinionated,neutral
6ded91ca735f4bb0,"Nothing is free and I know for a fact, you get A surcharge every year to own an electric vehicle when you register your car!! NOTHING IS FREE SOLAR PANELS ON YOUR ROOF DOES NOT MAKE A ZERO BALANCE ON YOUR ELECTRIC BILL!!",twitter,General,opinionated,neutral
2c186a631b89b3fd,5:49 never thought BBC will say this 🤨🤨,youtube,General,opinionated,neutral
53cecfa82a58e311,"Your car took a lot of pollution to produce and the tire dust is both more than internal combustion engine cars and also extremely bad for our heart etc when inhaled. Better than internal combustion engine? Yes, but still not zero. Stop smelling your own farts. Sincerely, 2019 Tesla owner",Reddit,https://www.reddit.com/r/electricvehicles/,opinionated,positive
e9c57d1e93bb201c,I sincerely hope XEV 7e is offered as 6 seater as well. 79kwh (might give around 480km range) and captain seats in the middle would be a great option for chauffeur-driven families like my parents.,Team-BHP,Mahindra XUV700 EV to be called XEV 9S; Details leaked - Page 5,opinionated,neutral
91bf31f126f1970f,Now who lowes biggest donor musk who wants to push electric vehicles that ain’t good enough yet and never will there a scam,twitter,General,opinionated,negative
9a0121f83153d6aa,Wow I had no idea they made this many. I'd only heard of GM ev1!,Reddit,https://www.reddit.com/r/electricvehicles/,opinionated,neutral
bf922dbf0cc2847e,Ethiopia shall expand the use of electric cars while also working to lay a gas pipeline from South Sudan to Gambella. We need a multifaceted approach.,twitter,General,opinionated,neutral
250765bed5e98716,"Just buy a piece of shit and wait for the party. If you have a car, don’t change it. If you don’t have a car, don’t buy it. Didi is damn cheap.",bilibili,General,opinionated,neutral
f9d0f5364303c3e8,"Peter Thiel's take is spot on. Tesla and SpaceX looked like wild bets in the 2000s—electric cars at scale and reusable rockets? Most saw only the risk. But both succeeded through relentless iteration and first-principles thinking, proving calculated boldness can reshape",twitter,General,opinionated,neutral
a414fb7ea72d0747,"Worry no more Marques Donut labs has you covered!That amazing start up company that we have known and loved for decades has just introduced their ground breaking solid state battery than run at 110% from -21 degrees fahrenheit to 200 degrees with no degradation. Range anxiety? Not anymore with a 15% charge on the battery getting you an estimated 225 to 227 mile range. From 0% the game changing battery charges to 100% in 10 minutes and to 110% in 12 minutes ""if"" patience is your virtue. Although the battery has not been tested by a single independent source hey it is from Donut so you know you can trust them because who doesn't like Donuts!!. 🤣🤣🤣🤣 No sarcasm was harmed in the making of this comment.😊",youtube,General,opinionated,neutral
ed214951cad5a56e,"I was interested but then I saw the backseat, way too small even for our 3 person family.",Reddit,https://www.reddit.com/r/electricvehicles/,opinionated,neutral
39222b9e5049b8a9,"I think they might *lease* you a bike with their magic battery in it, with a $10MM fee if you tear down the battery...",Reddit,https://www.reddit.com/r/electricvehicles/,opinionated,neutral
d9d94963469be4f5,"Quote: Originally Posted by 07CR Again I believe all this boils down to Tata not having confidence their battery optimization. Not venturing into range debate but wanted to point out that Tata is getting battery pack from Octillion which is an established Battery Pack manufacturer. Their Battery packs are at least found in 1.4 million passenger cars alone. Mahindra has made their own Battery Pack, which are now into few thousand EVs. I am sure, like any product they will also learn from real world experience. Right now, saying Mahindra Battery pack is superior to Tata may be premature. For sure, their BYD Cells are superior.",Team-BHP,2025 Tata Harrier.ev Review - Page 6,opinionated,neutral
6a7a1e9f88b4481e,"In an ordinary family, the child is almost 2 years old. They don’t commute on weekdays. They only go shopping on weekends. It is estimated that the mileage is only 2,000 kilometers a year, maybe less than 2,000 kilometers a year. It is better to buy gas or electricity.",bilibili,General,opinionated,neutral
c5aa6fa3a30376d0,Should do petrol against diesel against electric against hydrogen,youtube,General,opinionated,positive
423c85b0661cfe1a,"All the Hyundai/Kias that are converted to lemons for the ICCU issue get repaired and are auctioned off in big lots. Dealers like Drive a Dream, Atlanta's Best Used Auto and others will have like 20 ev9s or ioniq 5s and you can save about 20-30% off standard used.",Reddit,https://www.reddit.com/r/electricvehicles/,opinionated,neutral
c14dfa819683f03b,They charge pretty quick. I had another electric car and it went from zero to full charge in 17 minutes. I’m assuming the Tesla is probably quicker. They also get a tremendous amount of range HOUSTON DALLAS should be no problem.,twitter,General,opinionated,positive
e6e1de3c6aebc079,Looks like electric cars are going to make a comeback,twitter,General,opinionated,negative
fd6d68ca605a815c,"I have a 2021 VW ID.4 Pro S AWD, insurance was half what a 2021 Tesla Model Y was when I was looking at quotes (Progressive). Both cars were about the same MSRP too. The ID.4 is about the same price to insure as a Toyota RAV4. Teslas are unusually expensive to insure.",Reddit,https://www.reddit.com/r/electricvehicles/,opinionated,neutral
5f0795e92e14fd8a,"Well it most certainly was not. Was specifically about electric vehicles, as the sub reddit says. Also fast trains, infrastructure and public transport is also ahead but that's a separate topic",Reddit,https://www.reddit.com/r/electricvehicles/,opinionated,neutral
45c473179ead2ce4,"There are two companies whose products I can’t say, one is Huawei [doge]",bilibili,General,opinionated,neutral
2b22b77ddab110eb,"Battery, electric, vehicle. BEV. But used in underground mining. And they weren't Teslas, I used that to put it into perspective. 20k lbs isn't THAT much. Also all they asked for was the source of the batteries, which I provided.",Reddit,https://www.reddit.com/r/electricvehicles/,opinionated,neutral
f95e583e66650726,"Yes, both HPCL & BPCL invest in electric vehicle charging like IOCL. HPCL: >5,300 stations under HP e-Charge brand already; Dec 2025 partnership with V-GREEN to expand at its 24,400+ retail outlets. BPCL: Partnerships with Tata Motors (mega fast-charging hubs at select outlets, Jan 2026) &",twitter,General,opinionated,neutral
9e298b2aaa0a6d9a,"When you are doing long distance traveling, the recommendation is to charge to 100%. If you have an electric vehicle, you know this. You should charge to 100% at least every month or two if you do not do a lot of traveling.",youtube,General,opinionated,neutral
30573867b90064d7,do not buy an electric vehicle because the electric vehicle manufacturers cut corners. And is a ponzi scheme.,youtube,General,opinionated,neutral
c1f9da7258093ed9,"Quote: Originally Posted by Tanmay_868 Also according to him TATA has stopped production of 40kw variant while of 30kw remains uncertain. Still confused to whether go ahead with Nexon 45 or not? Please confirm the same via your SA and do update the thread. I always was of an opinion that the 40KW variant of the Nexon should be discontinued with the introduction of Curvv as the latter needs to be priced closer to the Mahindra XUV400 as this is about 4.15 meters in length and larger than Nexon and competes with Curvv rather than Nexon. But due to stiff competition, Tata had to come out with the 45KW variant and 40KW now seems outdated and out of place. So better it is discontinued. You should better go with the 45KW variant.",Team-BHP,Tata Nexon.ev launched with a larger 45 kWh battery; 489 km range - Page 4,opinionated,neutral
c88eed878939c5e5,Yall have no idea what powers the grid to charge your “free clean electric” cars,twitter,General,opinionated,negative
26bd80656de54e61,"2/ Dr. ir. Gautham Ram is an Associate Professor of #ElectricMobility in the Department of Electrical Sustainable Energy at the Delft University of Technology. His current research focuses on electric vehicles, #electric vehicle charging, batteries and power electronics.",twitter,General,opinionated,positive
98e3ab2942714e1f,"They are quiet. (If you like listening to music, get the high-end audio.) They are usually quicker. Fuel prices more stable - just today oil prices spiked, and retailers are quick to pass that on. IMO as emissions standards get tougher, internal combustion engine cars get worse in longevity, reliability and maintenance. And even if you do not care about planet-destroying emissions, EVs take care of that for you. They are heavy. The technology can be annoying and a challenge. For example, a new electric vehicle driver has no one pedal driving experience, and manufacturers make several versions of it. It makes choosing an electric vehicle a guess on what you'd like to own for years. You can end up with a car that's not quite sorted yet, as your manufacturer figures out software. The tech can get old, same risk for all cars, except an electric vehicle might drive just fine in a decade.",youtube,General,opinionated,neutral
bf5a77b6f89a3c60,what's wrong with BBC?i cant believe BBC do this job.USAID pls come back😂😂😂😂😂😂😂,youtube,General,opinionated,neutral
fc2f1c5637e5f7a3,"Oh I gotcha, I’m coming from a Kia sportage PHEV so I’m accustomed to Kia’s platform and tech. I’ve also test driven an ev6 and enjoyed it quite a bit. It sounds like a lot of those things are QOL that you got accustomed to in a lucid/tesla so that’s understandable. The thing I’d be most concerned about is the ICCU issue. So I’m still not sure what’s the best full electric vehicle to start with. Leaning a used EV9",Reddit,https://www.reddit.com/r/electricvehicles/,opinionated,neutral
1322d3861e0b0046,"Charging from home is very slow and puts extra stress on your home wiring, charging from a commercial station is quicker and compares well to the price of petrol. Only downside is the waiting while charging, most modern electric cars take 30/40 mins from 20 to 80% not such a hardship.",youtube,General,opinionated,positive
5686b70f8b0597e4,"Sure! 2025 global pure BEV sales (battery electric only, no internal combustion engine) by top manufacturers: BYD: ~2.26M Tesla: 1.64M Geely: ~1.20M Wuling/Baojun: ~0.86M BYD now leads pure BEVs too. Data from Autovista24 & Best-Selling-Cars reports.",twitter,General,opinionated,neutral
9bdface40af47ef1,"Quote: Originally Posted by Nishantnandal Have you got the wheel alignment done yet? The stupid guy used Kona electric vehicle’s data on my car. Mine is not fixed even after 2 try. Hi, There were no issues with wheel alignment and balancing so I skipped both. Just got the tyres rotated at outside tyre shop. Try finding a shop with Hunter alignment machine, they have the data for ioniq 5.",Team-BHP,Ioniq 5 Ownership Review and Tips for Owning and Running an EV in India - Page 2,opinionated,neutral
d3f10b164a4c17db,Sounds like Labor’s cabinet they all agreed that whenever asked about fuel security to tell everyone they should have bought an electric vehicle. Like Plibersek’s response on the trucking industry. She said lucky we have electric trucks.Dumb and dangerous children in charge.,twitter,General,opinionated,neutral
b15ed73e061989ec,Living on the third floor and buying an electric vehicle is next level stupid.,youtube,General,opinionated,neutral
25df2acc55035742,"Good points. There's certainly an element of that to this Iran War conflict, which is part of why China pushed for their huge rail and electric vehicle policies, as a way of mitigating their depency on oil imports.",twitter,General,opinionated,neutral
9de88ee41ec2fa33,05:52 Which car is this?,bilibili,General,opinionated,neutral
9f9291ba272f05e6,"Now if I buy a 17-year-old BBA with 80,000 yuan, can I get a fifth series?",bilibili,General,opinionated,neutral
fe77238b556721b3,"We currently have an Accord hybrid, but we are done with gas powered cars at this point. If they do not come out with a full electric vehicle, our next car won't be a Honda.",Reddit,https://www.reddit.com/r/electricvehicles/,opinionated,neutral
0942d7eccb29f316,"I have chargers at work. These chargers are not reliable in their operation. This company is the reason potential electric vehicle customers won't choose a non-Tesla. If they could improve their infrastructure and reliability, then it would give people more confidence that if they select a non-Tesla, we won't be stranded due to the low quality machines. Chargepoint get your act together. I want to use your product but you are making me regret my decision to purchase another manufacturer outside of Tesla.",Trustpilot,chargepoint.com,opinionated,negative
27708d03950c85f9,Electric car owners will be like,twitter,General,opinionated,neutral
ea82139b87b28771,So the longer the range the more cheap rate electric you can put in it?,youtube,General,opinionated,positive
ee17bec0e42bde6e,"Quote: Originally Posted by AutoIndian Thanks for sharing the info, quite excited with this news Can someone please tell me assertively that the XeV 7E will be a 7-seater (and not a 5-seater), haven't seen any interior spy shots yet, hence the question. Also, will it be a RWD alike its born electric siblings? Just hoping that M&M doesn't go overboard with its pricing. Approx 2 lakhs premium for its Harrier equivalent variants would be icing on the cake, nothing more than that. Going by the leaks, it should ideally be a 6 seater with Captain seats and hopefully will come with optional Bench middle row as well. Should be based on the Inglo platform like 9e and 6e. I am assuming pricing should be close to the 9e give or take 1 lakh either side. Pricing cannot be lower than 6e an ideally should not be more than 9e unless AWD.",Team-BHP,Mahindra XUV700 EV to be called XEV 9S; Details leaked - Page 7,opinionated,neutral
eb7fca1264362b07,"My family and I visited the Lavelle Road showroom over the weekend to check out the Windsor electric vehicle. We’ve been in the market to replace our Honda Jazz, which we sold last week, with an electric vehicle commuter. Since both my wife and I work from home, our primary need is a chauffeur-driven car for school runs—about 40 kilometers per day with a minimum of 2 hours of travel time. We also need it for the occasional trip into central Bangalore. Our top priorities are operating costs and rear passenger comfort. The Windsor electric vehicle seems to check both boxes perfectly. We liked the car on paper, booked it last week, and this showroom visit confirmed our decision. The only thing left is a test drive to assess the ride comfort. Here are our initial thoughts on the car: It’s larger in person than it appears in pictures. There’s ample space in both the front and rear seats. The seats are extremely comfortable, with a plush, premium feel. Three adults can fit comfortably in the back. While it’s not as spacious as the XUV700 in terms of width, it offers more room than any other mini SUV on the market. The lack of buttons doesn’t bother me since most settings are “set and forget,” but I hope MG provides a robust remote app for controlling settings from the back seat. The glass roof is a big selling point for my wife, and it’s heavily tinted, which should help with the summer heat. We don’t mind a bit of Bangalore sun and usually drive with the shade off most of the time. The car looks premium in pearl white, even without any added external accessories. The Battery-as-a-Service (BaaS) option seems gimmicky to me. The price of the car is reasonable enough to consider purchasing it outright rather than dealing with battery rental. I’m a bit concerned about home charging equipment, power loads, and BESCOM approvals since this is my first electric vehicle experience, and I’m new to all of this. Some pictures to close out the post.",Team-BHP,MG Windsor EV Review - Page 4,opinionated,neutral
262f4f1b7a1fe149,"Quote: Originally Posted by antz.bin The XEV 7e is also being tested (the XUV 700 electric vehicle). The powertrain can be assumed to be very close to the 6 and 9. Will the Harrier be able to take the heat or is it doomed from the start? Harrier will benefit from its much better & mature looks as compared to the XEV 7e, also the Harrier powertrain is projected to have 369 BHP which is around 90bhp more than Mahindra's implementation. The AWD is my opinion will give it more road holding as compared to the RWD Mahindras. A rwd with instant torque in the wrong hands will be very risky.",Team-BHP,Tata Harrier EV caught testing; interior spied. EDIT: Launched at Rs. 21.49 lakh - Page 5,opinionated,neutral
06fb03514df4afcf,"I own an electric vehicle (Toyota Bz AWD) and a hybrid (Toyota RAV4 AWD) and the hybrid has many of the same advantages without the range disadvantages. I've used both during blizzard conditions without issue, passing so many stuck Jeeps it is hilarious. The RAV4 was overall better under the conditions by virtue of its ground clearance. Both great options, and I simply have no need to take the Bz on road trips.",youtube,General,opinionated,neutral
d24aab4aeb3191f0,Because low-end electric cars are much better than low-end gas cars,bilibili,General,opinionated,neutral
ee8401e4b3aa9d14,"Battery was too small, only 64 kWh usable, and the price was too high. Thanks Volvo, try again with a bigger battery and a better price.",Reddit,https://www.reddit.com/r/electricvehicles/,opinionated,neutral
b3fff2afed215dcb,The demo BYD had involves a car deep freezed in -20°C and the charge time from 0-97% was 12 min.,Reddit,https://www.reddit.com/r/electricvehicles/,opinionated,neutral
57bfab324c32c71c,"Not all EVs are expensive to insure, this is more of a Tesla issue than an electric vehicle issue. Mine isn't any more expensive than my VW Golf was.",Reddit,https://www.reddit.com/r/electricvehicles/,opinionated,negative
cc6599372804e5dd,"Delivered and installed a faulty unit - manufacturing defect causing high voltage arcing on the interior terminals. Replacement was delivered and after installation the provided RCD failed and required replacement. New charger has never charged properly - requiring a force charge, support request stopped after I provided my serial number, RCD is now tripping, support chat is manned by AI which has suggested I remove the unit and post it back.",Trustpilot,cord-ev.com,opinionated,neutral
